customerID,tenure,MonthlyCharges,TotalCharges,gender,Contract,PaymentMethod,InternetService,Churn
CUST00001,51,106.7,5466.04,Female,Two year,Credit card,DSL,No
CUST00002,14,60.8,862.39,Female,One year,Bank transfer,No,No
CUST00003,71,75.17,5297.66,Male,One year,Mailed check,Fiber optic,No
CUST00004,60,45.39,2688.56,Male,One year,Credit card,No,No
CUST00005,20,39.61,751.58,Female,Month-to-month,Bank transfer,DSL,No
CUST00006,23,70.55,1630.37,Male,Month-to-month,Credit card,Fiber optic,No
CUST00007,2,79.5,196.71,Female,Month-to-month,Bank transfer,No,Yes
CUST00008,21,53.93,1125.91,Male,Month-to-month,Electronic check,Fiber optic,No
CUST00009,52,76.94,3966.96,Female,Month-to-month,Bank transfer,Fiber optic,No
CUST00010,1,108.75,114.55,Male,Two year,Electronic check,Fiber optic,Yes
CUST00011,29,75.67,2225.61,Female,One year,Credit card,No,No
CUST00012,37,92.08,3431.13,Female,One year,Bank transfer,Fiber optic,No
CUST00013,1,100.53,138.68,Female,Two year,Credit card,No,Yes
CUST00014,63,118.87,7466.6,Male,One year,Electronic check,DSL,No
CUST00015,59,80.32,4708.28,Male,Month-to-month,Bank transfer,No,Yes
CUST00016,20,100.69,2051.78,Female,Month-to-month,Credit card,DSL,Yes
CUST00017,32,116.26,3736.08,Female,Month-to-month,Electronic check,No,Yes
CUST00018,57,114.44,6504.17,Male,One year,Credit card,Fiber optic,No
CUST00019,21,34.11,740.54,Male,Month-to-month,Mailed check,No,No
CUST00020,48,60.64,2942.23,Male,One year,Electronic check,Fiber optic,No
CUST00021,58,52.4,3050.7,Male,Month-to-month,Electronic check,DSL,No
CUST00022,41,28.69,1195.08,Male,One year,Electronic check,No,No
CUST00023,59,83.32,4903.41,Male,One year,Bank transfer,Fiber optic,No
CUST00024,14,93.59,1314.13,Female,One year,Bank transfer,DSL,No
CUST00025,61,104.81,6395.83,Male,Two year,Bank transfer,DSL,No
CUST00026,61,32.28,2003.88,Female,One year,Mailed check,No,No
CUST00027,46,107.64,4985.44,Male,Two year,Mailed check,DSL,No
CUST00028,61,84.29,5174.96,Male,Two year,Electronic check,Fiber optic,No
CUST00029,50,90.39,4470.6,Female,One year,Mailed check,DSL,No
CUST00030,54,111.06,6022.19,Female,One year,Credit card,DSL,No
CUST00031,63,82.48,5222.11,Male,Month-to-month,Electronic check,Fiber optic,Yes
CUST00032,2,53.59,125.02,Female,Month-to-month,Electronic check,DSL,Yes
CUST00033,50,102.51,5151.13,Female,Month-to-month,Credit card,DSL,Yes
CUST00034,6,56.31,372.06,Female,Month-to-month,Electronic check,DSL,Yes
CUST00035,20,23.42,465.43,Female,Month-to-month,Mailed check,DSL,No
CUST00036,38,103.07,3916.87,Male,Two year,Bank transfer,Fiber optic,No
CUST00037,17,54.52,889.31,Female,Two year,Credit card,DSL,No
CUST00038,3,97.38,280.68,Male,One year,Mailed check,Fiber optic,Yes
CUST00039,59,56.28,3334.86,Male,Month-to-month,Credit card,DSL,No
CUST00040,13,106.11,1407.47,Male,Month-to-month,Credit card,DSL,Yes
CUST00041,8,41.95,307.32,Male,Month-to-month,Electronic check,DSL,Yes
CUST00042,52,117.45,6071.18,Female,Month-to-month,Electronic check,DSL,Yes
CUST00043,1,97.98,114.28,Female,Month-to-month,Mailed check,Fiber optic,Yes
CUST00044,59,31.42,1803.97,Male,Month-to-month,Credit card,Fiber optic,No
CUST00045,70,76.58,5328.44,Male,Two year,Electronic check,Fiber optic,No
CUST00046,43,118.54,5050.13,Male,One year,Electronic check,No,No
CUST00047,7,67.11,436.46,Male,Month-to-month,Credit card,DSL,Yes
CUST00048,46,38.21,1725.79,Female,Month-to-month,Mailed check,DSL,No
CUST00049,34,68.48,2317.09,Male,Month-to-month,Mailed check,Fiber optic,No
CUST00050,35,71.25,2483.98,Female,Month-to-month,Credit card,No,No
CUST00051,49,94.17,4651.76,Male,Two year,Mailed check,DSL,No
CUST00052,3,89.88,270.65,Male,Month-to-month,Electronic check,Fiber optic,Yes
CUST00053,1,60.26,82.6,Male,Month-to-month,Credit card,DSL,Yes
CUST00054,5,41.8,169.41,Male,Month-to-month,Electronic check,DSL,Yes
CUST00055,53,84.51,4451.57,Female,Month-to-month,Bank transfer,Fiber optic,Yes
CUST00056,3,62.17,206.8,Female,One year,Bank transfer,Fiber optic,Yes
CUST00057,53,33.23,1716.47,Female,One year,Mailed check,DSL,No
CUST00058,62,110.06,6822.38,Male,One year,Bank transfer,DSL,No
CUST00059,17,89.12,1524.98,Male,Month-to-month,Electronic check,Fiber optic,Yes
CUST00060,43,88.32,3807.97,Female,Month-to-month,Bank transfer,DSL,Yes
CUST00061,33,102.26,3326.87,Female,Month-to-month,Electronic check,DSL,Yes
CUST00062,61,72.97,4433.38,Male,Two year,Mailed check,Fiber optic,No
CUST00063,13,101.51,1333.28,Male,Month-to-month,Mailed check,DSL,Yes
CUST00064,47,69.81,3245.97,Female,Month-to-month,Electronic check,DSL,No
CUST00065,14,26.72,393.62,Male,One year,Bank transfer,No,No
CUST00066,71,60.52,4321.51,Male,One year,Mailed check,Fiber optic,No
CUST00067,61,69.75,4302.95,Female,Month-to-month,Credit card,No,No
CUST00068,39,92.02,3559.76,Male,Month-to-month,Mailed check,No,Yes
CUST00069,52,30.66,1626.83,Female,Month-to-month,Bank transfer,No,No
CUST00070,23,34.0,784.03,Male,Two year,Credit card,DSL,No
CUST00071,25,46.37,1146.6,Female,Month-to-month,Bank transfer,DSL,No
CUST00072,59,46.65,2714.59,Male,Two year,Electronic check,No,No
CUST00073,40,93.22,3752.35,Female,Month-to-month,Credit card,No,Yes
CUST00074,28,45.07,1235.55,Female,Two year,Bank transfer,No,No
CUST00075,14,83.31,1153.48,Female,One year,Credit card,DSL,No
CUST00076,44,69.43,3011.17,Female,Month-to-month,Bank transfer,No,No
CUST00077,64,77.33,4979.26,Male,Two year,Credit card,No,No
CUST00078,70,103.81,7293.36,Male,Month-to-month,Bank transfer,Fiber optic,Yes
CUST00079,8,60.44,506.88,Female,Two year,Electronic check,Fiber optic,Yes
CUST00080,0,97.09,0.0,Male,One year,Credit card,DSL,Yes
CUST00081,7,62.2,402.75,Male,Month-to-month,Credit card,Fiber optic,Yes
CUST00082,62,55.39,3447.94,Male,One year,Credit card,Fiber optic,No
CUST00083,10,115.86,1158.22,Male,Two year,Credit card,Fiber optic,Yes
CUST00084,7,38.44,236.91,Male,Month-to-month,Electronic check,DSL,Yes
CUST00085,34,29.03,1005.61,Female,Month-to-month,Credit card,Fiber optic,No
CUST00086,34,97.1,3350.51,Female,One year,Mailed check,DSL,No
CUST00087,32,26.82,882.96,Female,One year,Electronic check,No,No
CUST00088,4,103.71,438.84,Female,Month-to-month,Mailed check,Fiber optic,Yes
CUST00089,40,63.72,2593.83,Male,Month-to-month,Credit card,DSL,No
CUST00090,27,111.55,2982.14,Male,Month-to-month,Bank transfer,Fiber optic,Yes
CUST00091,6,92.15,559.45,Female,Month-to-month,Mailed check,No,Yes
CUST00092,71,81.04,5801.8,Male,Month-to-month,Credit card,DSL,Yes
CUST00093,11,114.93,1230.76,Male,Two year,Mailed check,DSL,Yes
CUST00094,33,59.66,1988.81,Female,Month-to-month,Credit card,DSL,No
CUST00095,32,115.41,3701.7,Male,One year,Credit card,No,No
CUST00096,47,33.5,1583.15,Female,Month-to-month,Credit card,No,No
CUST00097,22,68.38,1524.13,Female,Month-to-month,Bank transfer,No,No
CUST00098,61,46.99,2909.35,Male,Month-to-month,Mailed check,DSL,No
CUST00099,36,73.98,2691.54,Male,Month-to-month,Electronic check,No,No
CUST00100,43,36.2,1512.21,Female,One year,Electronic check,Fiber optic,No
CUST00101,34,104.15,3576.37,Female,Two year,Electronic check,No,No
CUST00102,64,104.64,6669.51,Male,One year,Electronic check,DSL,No
CUST00103,46,115.52,5301.61,Female,Two year,Credit card,Fiber optic,No
CUST00104,2,35.47,67.11,Female,Two year,Mailed check,No,Yes
CUST00105,0,82.33,0.0,Female,Month-to-month,Mailed check,Fiber optic,Yes
CUST00106,4,67.42,263.2,Male,One year,Bank transfer,Fiber optic,Yes
CUST00107,13,54.44,751.46,Female,One year,Mailed check,DSL,No
CUST00108,26,55.15,1454.5,Male,Month-to-month,Mailed check,Fiber optic,No
CUST00109,8,61.28,503.36,Female,One year,Mailed check,Fiber optic,Yes
CUST00110,14,90.49,1221.84,Male,Month-to-month,Bank transfer,DSL,Yes
CUST00111,41,79.83,3313.42,Female,Month-to-month,Electronic check,DSL,No
CUST00112,50,65.97,3339.44,Male,One year,Mailed check,DSL,No
CUST00113,62,27.59,1738.6,Male,Month-to-month,Bank transfer,Fiber optic,No
CUST00114,51,27.78,1367.48,Male,Month-to-month,Bank transfer,Fiber optic,No
CUST00115,3,20.23,16.42,Female,Two year,Credit card,Fiber optic,Yes
CUST00116,22,116.77,2541.46,Female,One year,Bank transfer,DSL,No
CUST00117,14,20.53,250.55,Female,Month-to-month,Electronic check,No,No
CUST00118,42,30.31,1262.9,Male,One year,Mailed check,Fiber optic,No
CUST00119,28,51.46,1483.14,Female,Month-to-month,Bank transfer,No,No
CUST00120,35,100.74,3523.11,Male,Month-to-month,Electronic check,DSL,Yes
CUST00121,12,116.21,1345.86,Female,Two year,Bank transfer,Fiber optic,No
CUST00122,31,99.0,3047.27,Male,One year,Bank transfer,No,No
CUST00123,70,89.06,6188.66,Male,Month-to-month,Bank transfer,Fiber optic,Yes
CUST00124,58,72.13,4137.17,Male,One year,Bank transfer,Fiber optic,No
CUST00125,27,28.67,751.66,Female,Two year,Bank transfer,Fiber optic,No
CUST00126,65,115.82,7505.86,Female,Month-to-month,Electronic check,No,Yes
CUST00127,41,95.84,3958.15,Female,Month-to-month,Mailed check,DSL,Yes
CUST00128,44,83.89,3738.64,Male,Month-to-month,Mailed check,Fiber optic,Yes
CUST00129,61,95.9,5837.02,Male,One year,Mailed check,DSL,No
CUST00130,56,92.41,5167.85,Female,One year,Mailed check,DSL,No
CUST00131,5,83.72,453.08,Female,One year,Electronic check,No,Yes
CUST00132,27,118.06,3164.43,Female,Two year,Credit card,No,No
CUST00133,27,110.34,2944.82,Male,One year,Credit card,DSL,No
CUST00134,43,84.67,3676.12,Male,Month-to-month,Electronic check,Fiber optic,Yes
CUST00135,29,89.32,2544.93,Male,Month-to-month,Electronic check,No,Yes
CUST00136,61,25.16,1546.73,Male,Month-to-month,Bank transfer,Fiber optic,No
CUST00137,61,86.99,5312.59,Male,Month-to-month,Bank transfer,Fiber optic,Yes
CUST00138,0,24.42,0.0,Female,One year,Bank transfer,Fiber optic,Yes
CUST00139,26,78.83,2031.1,Male,Two year,Mailed check,DSL,No
CUST00140,61,119.94,7343.53,Male,Month-to-month,Bank transfer,Fiber optic,Yes
CUST00141,2,75.58,109.8,Male,Month-to-month,Credit card,DSL,Yes
CUST00142,69,67.32,4618.76,Male,One year,Mailed check,DSL,No
CUST00143,71,51.29,3664.83,Male,Month-to-month,Bank transfer,Fiber optic,No
CUST00144,26,32.05,838.13,Female,Month-to-month,Mailed check,Fiber optic,No
CUST00145,8,93.1,707.6,Male,Month-to-month,Credit card,Fiber optic,Yes
CUST00146,61,39.26,2433.07,Male,Month-to-month,Bank transfer,Fiber optic,No
CUST00147,36,31.53,1124.42,Male,Two year,Credit card,DSL,No
CUST00148,50,62.18,3141.79,Female,Month-to-month,Credit card,Fiber optic,No
CUST00149,43,99.53,4308.56,Female,Month-to-month,Credit card,Fiber optic,Yes
CUST00150,23,94.51,2186.17,Female,Month-to-month,Bank transfer,DSL,Yes
CUST00151,58,25.49,1477.87,Male,Two year,Electronic check,No,No
CUST00152,31,65.51,2078.77,Female,Month-to-month,Bank transfer,No,No
CUST00153,51,72.24,3648.74,Male,Month-to-month,Credit card,DSL,No
CUST00154,61,84.45,5173.97,Male,Month-to-month,Bank transfer,No,Yes
CUST00155,57,85.02,4815.26,Female,Month-to-month,Credit card,DSL,Yes
CUST00156,51,56.47,2863.8,Male,Month-to-month,Electronic check,Fiber optic,No
CUST00157,11,76.07,817.64,Male,One year,Mailed check,Fiber optic,Yes
CUST00158,38,68.11,2632.88,Male,Month-to-month,Electronic check,No,No
CUST00159,1,108.5,155.24,Female,Month-to-month,Electronic check,Fiber optic,Yes
CUST00160,2,73.03,114.36,Male,One year,Mailed check,No,Yes
CUST00161,55,64.1,3477.7,Male,Month-to-month,Bank transfer,No,No
CUST00162,58,60.45,3528.1,Female,Month-to-month,Mailed check,Fiber optic,No
CUST00163,1,77.24,69.04,Male,Month-to-month,Bank transfer,Fiber optic,Yes
CUST00164,1,100.4,59.28,Male,Two year,Bank transfer,No,Yes
CUST00165,53,73.84,3931.9,Female,Month-to-month,Credit card,Fiber optic,No
CUST00166,0,86.17,4.51,Male,Two year,Credit card,DSL,Yes
CUST00167,18,93.79,1736.27,Male,One year,Mailed check,Fiber optic,No
CUST00168,1,72.02,44.76,Male,Month-to-month,Electronic check,Fiber optic,Yes
CUST00169,52,62.68,3249.76,Male,Two year,Mailed check,DSL,No
CUST00170,43,107.67,4634.06,Male,Month-to-month,Bank transfer,Fiber optic,Yes
CUST00171,31,61.75,1943.42,Female,Month-to-month,Credit card,Fiber optic,No
CUST00172,69,66.19,4571.99,Female,One year,Mailed check,No,No
CUST00173,31,119.03,3701.22,Female,One year,Mailed check,Fiber optic,No
CUST00174,67,20.02,1313.95,Female,One year,Credit card,Fiber optic,No
CUST00175,54,38.55,2116.39,Male,Month-to-month,Credit card,DSL,No
CUST00176,55,58.4,3204.86,Male,Month-to-month,Credit card,No,No
CUST00177,16,113.26,1776.26,Male,One year,Bank transfer,No,No
CUST00178,37,27.0,1015.42,Male,Month-to-month,Credit card,No,No
CUST00179,23,20.95,453.46,Male,Month-to-month,Electronic check,Fiber optic,No
CUST00180,68,25.27,1678.12,Female,Month-to-month,Mailed check,No,No
CUST00181,69,28.85,2026.85,Female,Month-to-month,Credit card,DSL,No
CUST00182,10,23.76,233.62,Male,Two year,Credit card,No,Yes
CUST00183,15,67.98,1044.63,Male,Month-to-month,Bank transfer,DSL,No
CUST00184,58,78.08,4507.7,Male,Two year,Bank transfer,No,No
CUST00185,69,47.17,3283.43,Female,Month-to-month,Mailed check,No,No
CUST00186,2,59.83,80.85,Male,One year,Electronic check,DSL,Yes
CUST00187,19,29.17,539.83,Male,Month-to-month,Mailed check,No,No
CUST00188,58,53.64,3158.93,Male,Month-to-month,Credit card,No,No
CUST00189,35,72.25,2558.15,Female,Month-to-month,Electronic check,No,No
CUST00190,18,93.23,1677.87,Male,Month-to-month,Electronic check,Fiber optic,Yes
CUST00191,66,20.33,1325.76,Female,Month-to-month,Electronic check,DSL,No
CUST00192,18,66.73,1238.35,Female,Two year,Electronic check,No,No
CUST00193,19,49.7,948.78,Female,One year,Mailed check,DSL,No
CUST00194,70,105.28,7395.44,Female,Month-to-month,Bank transfer,DSL,Yes
CUST00195,51,91.56,4694.97,Female,Month-to-month,Bank transfer,DSL,Yes
CUST00196,32,78.91,2476.91,Female,Month-to-month,Credit card,No,No
CUST00197,39,47.73,1824.1,Male,Month-to-month,Bank transfer,No,No
CUST00198,38,111.03,4235.1,Male,One year,Bank transfer,DSL,No
CUST00199,0,24.51,0.0,Male,Two year,Bank transfer,Fiber optic,Yes
CUST00200,10,30.95,285.05,Female,Month-to-month,Bank transfer,DSL,Yes
CUST00201,56,59.16,3357.62,Male,Month-to-month,Credit card,Fiber optic,No
CUST00202,49,32.44,1595.58,Female,Month-to-month,Mailed check,DSL,No
CUST00203,22,115.64,2569.15,Female,One year,Electronic check,DSL,No
CUST00204,30,99.8,2999.8,Female,Month-to-month,Bank transfer,DSL,Yes
CUST00205,41,45.9,1887.15,Male,One year,Mailed check,No,No
CUST00206,6,78.86,432.58,Female,One year,Bank transfer,Fiber optic,Yes
CUST00207,15,118.23,1757.82,Female,Month-to-month,Bank transfer,Fiber optic,Yes
CUST00208,59,108.42,6375.02,Male,One year,Electronic check,DSL,No
CUST00209,1,80.08,69.15,Male,Month-to-month,Electronic check,No,Yes
CUST00210,0,110.37,29.83,Female,One year,Electronic check,No,Yes
CUST00211,47,118.92,5576.43,Female,Month-to-month,Bank transfer,Fiber optic,Yes
CUST00212,11,94.34,1032.91,Male,Month-to-month,Bank transfer,No,Yes
CUST00213,68,26.5,1791.74,Male,Two year,Bank transfer,Fiber optic,No
CUST00214,36,60.16,2125.1,Male,Two year,Electronic check,Fiber optic,No
CUST00215,31,103.78,3211.29,Female,One year,Credit card,Fiber optic,No
CUST00216,8,43.06,314.04,Male,Month-to-month,Mailed check,No,Yes
CUST00217,18,103.06,1823.75,Male,One year,Credit card,Fiber optic,No
CUST00218,47,32.03,1464.81,Male,Month-to-month,Bank transfer,Fiber optic,No
CUST00219,2,24.69,35.05,Female,Two year,Bank transfer,DSL,Yes
CUST00220,19,58.41,1135.54,Male,Month-to-month,Credit card,Fiber optic,No
CUST00221,23,23.67,522.05,Male,Two year,Bank transfer,Fiber optic,No
CUST00222,53,115.73,6114.92,Male,Two year,Mailed check,DSL,No
CUST00223,32,102.62,3298.11,Male,One year,Bank transfer,DSL,No
CUST00224,23,100.08,2271.42,Male,Month-to-month,Mailed check,No,Yes
CUST00225,71,82.98,5931.28,Female,Month-to-month,Credit card,Fiber optic,Yes
CUST00226,35,41.63,1459.07,Female,Two year,Credit card,No,No
CUST00227,37,71.83,2652.47,Female,Month-to-month,Bank transfer,No,No
CUST00228,24,79.73,1919.3,Male,Two year,Mailed check,DSL,No
CUST00229,17,72.5,1199.1,Female,Month-to-month,Bank transfer,No,No
CUST00230,65,46.02,3002.65,Female,Month-to-month,Electronic check,Fiber optic,No
CUST00231,53,71.52,3776.87,Female,Two year,Electronic check,DSL,No
CUST00232,34,69.12,2389.8,Male,One year,Electronic check,Fiber optic,No
CUST00233,60,119.63,7144.69,Male,Month-to-month,Electronic check,Fiber optic,Yes
CUST00234,40,109.74,4390.31,Female,Month-to-month,Bank transfer,DSL,Yes
CUST00235,32,66.34,2132.69,Female,Month-to-month,Electronic check,Fiber optic,No
CUST00236,67,82.29,5466.77,Male,One year,Mailed check,DSL,No
CUST00237,32,94.79,3019.65,Male,Month-to-month,Credit card,Fiber optic,Yes
CUST00238,13,23.49,328.63,Female,Two year,Credit card,DSL,No
CUST00239,20,109.49,2221.84,Male,Two year,Electronic check,No,No
CUST00240,47,106.01,4963.79,Female,Month-to-month,Electronic check,Fiber optic,Yes
CUST00241,19,65.74,1278.92,Male,One year,Electronic check,DSL,No
CUST00242,7,59.12,460.62,Female,Month-to-month,Bank transfer,Fiber optic,Yes
CUST00243,6,47.3,319.49,Female,Month-to-month,Credit card,Fiber optic,Yes
CUST00244,66,67.67,4427.98,Male,Two year,Electronic check,Fiber optic,No
CUST00245,16,24.44,415.01,Female,Month-to-month,Mailed check,DSL,No
CUST00246,32,105.22,3349.01,Female,Month-to-month,Electronic check,No,Yes
CUST00247,47,23.54,1155.22,Female,Month-to-month,Credit card,No,No
CUST00248,58,52.91,3067.32,Male,Month-to-month,Electronic check,No,No
CUST00249,21,113.16,2338.6,Male,Month-to-month,Credit card,DSL,Yes
CUST00250,29,93.52,2734.6,Male,One year,Electronic check,No,No
CUST00251,37,48.14,1763.48,Female,One year,Mailed check,DSL,No
CUST00252,50,45.26,2312.71,Male,One year,Electronic check,Fiber optic,No
CUST00253,53,20.51,1135.01,Female,Month-to-month,Mailed check,Fiber optic,No
CUST00254,7,89.57,642.6,Female,Month-to-month,Mailed check,No,Yes
CUST00255,26,24.88,609.86,Male,Month-to-month,Electronic check,DSL,No
CUST00256,26,73.26,1923.45,Male,Month-to-month,Mailed check,Fiber optic,No
CUST00257,20,116.21,2283.5,Female,Month-to-month,Bank transfer,DSL,Yes
CUST00258,29,30.95,850.49,Female,Month-to-month,Electronic check,DSL,No
CUST00259,27,109.45,2987.45,Male,Month-to-month,Electronic check,Fiber optic,Yes
CUST00260,63,119.15,7477.43,Male,Month-to-month,Mailed check,DSL,Yes
CUST00261,68,26.15,1766.1,Male,Two year,Mailed check,Fiber optic,No
CUST00262,60,108.29,6544.75,Female,Two year,Electronic check,Fiber optic,No
CUST00263,47,71.61,3349.35,Female,One year,Bank transfer,Fiber optic,No
CUST00264,18,110.65,1971.35,Female,Two year,Mailed check,DSL,No
CUST00265,3,77.13,273.21,Female,One year,Mailed check,Fiber optic,Yes
CUST00266,34,86.21,2892.21,Female,Month-to-month,Credit card,DSL,Yes
CUST00267,63,74.38,4711.9,Male,Month-to-month,Bank transfer,Fiber optic,No
CUST00268,48,106.45,5158.41,Male,One year,Bank transfer,Fiber optic,No
CUST00269,16,93.39,1534.37,Female,One year,Electronic check,No,No
CUST00270,43,72.13,3116.76,Female,One year,Bank transfer,No,No
CUST00271,29,106.82,3079.19,Male,One year,Electronic check,No,No
CUST00272,45,44.53,1979.28,Male,Month-to-month,Credit card,DSL,No
CUST00273,5,35.73,210.58,Male,One year,Bank transfer,DSL,Yes
CUST00274,36,36.04,1335.42,Male,Two year,Mailed check,Fiber optic,No
CUST00275,23,53.4,1230.74,Female,Month-to-month,Credit card,Fiber optic,No
CUST00276,45,43.87,1948.58,Male,One year,Electronic check,Fiber optic,No
CUST00277,52,113.01,5837.81,Female,Month-to-month,Credit card,Fiber optic,Yes
CUST00278,59,30.58,1762.94,Male,One year,Electronic check,DSL,No
CUST00279,62,89.9,5595.71,Male,One year,Credit card,Fiber optic,No
CUST00280,31,38.92,1198.53,Male,Month-to-month,Electronic check,Fiber optic,No
CUST00281,32,108.16,3501.66,Female,One year,Bank transfer,No,No
CUST00282,66,116.13,7688.55,Female,Month-to-month,Mailed check,Fiber optic,Yes
CUST00283,17,66.55,1100.48,Male,One year,Electronic check,Fiber optic,No
CUST00284,24,107.91,2601.22,Female,Month-to-month,Credit card,Fiber optic,Yes
CUST00285,53,20.51,1080.58,Female,One year,Electronic check,DSL,No
CUST00286,57,101.99,5821.15,Male,Month-to-month,Electronic check,No,Yes
CUST00287,66,42.86,2852.57,Male,One year,Electronic check,Fiber optic,No
CUST00288,45,110.87,5019.77,Female,Month-to-month,Credit card,Fiber optic,Yes
CUST00289,23,20.11,496.9,Female,Two year,Mailed check,No,No
CUST00290,31,75.62,2319.62,Female,Two year,Bank transfer,Fiber optic,No
CUST00291,46,95.66,4353.47,Male,Two year,Mailed check,DSL,No
CUST00292,22,45.87,1033.07,Male,One year,Electronic check,Fiber optic,No
CUST00293,65,39.31,2515.78,Female,One year,Credit card,DSL,No
CUST00294,26,28.41,720.15,Male,Month-to-month,Mailed check,DSL,No
CUST00295,1,52.64,3.02,Male,Month-to-month,Electronic check,Fiber optic,Yes
CUST00296,16,75.98,1233.85,Female,Month-to-month,Bank transfer,No,No
CUST00297,32,31.58,977.27,Female,One year,Bank transfer,DSL,No
CUST00298,8,57.67,476.89,Male,Two year,Bank transfer,No,Yes
CUST00299,42,20.91,927.39,Male,Month-to-month,Electronic check,Fiber optic,No
CUST00300,47,101.87,4745.16,Female,Two year,Credit card,DSL,No
CUST00301,38,32.84,1205.63,Male,One year,Mailed check,Fiber optic,No
CUST00302,41,48.33,1965.57,Male,One year,Bank transfer,No,No
CUST00303,25,21.84,582.64,Female,Month-to-month,Electronic check,Fiber optic,No
CUST00304,49,63.22,3069.33,Female,Month-to-month,Electronic check,Fiber optic,No
CUST00305,24,104.01,2482.28,Male,Month-to-month,Mailed check,DSL,Yes
CUST00306,23,59.22,1318.91,Male,One year,Bank transfer,Fiber optic,No
CUST00307,12,37.95,481.72,Male,Month-to-month,Electronic check,Fiber optic,No
CUST00308,59,95.37,5617.66,Female,Month-to-month,Mailed check,Fiber optic,Yes
CUST00309,6,98.88,619.2,Male,Two year,Credit card,DSL,Yes
CUST00310,56,37.38,2133.64,Male,One year,Credit card,No,No
CUST00311,35,97.09,3371.43,Female,Two year,Credit card,No,No
CUST00312,44,114.73,5078.86,Female,Month-to-month,Bank transfer,Fiber optic,Yes
CUST00313,19,36.64,652.07,Male,Month-to-month,Mailed check,DSL,No
CUST00314,64,97.1,6254.28,Female,One year,Mailed check,Fiber optic,No
CUST00315,7,90.86,651.1,Female,Month-to-month,Electronic check,No,Yes
CUST00316,15,67.36,1047.82,Male,Month-to-month,Electronic check,DSL,No
CUST00317,13,25.79,285.29,Female,Month-to-month,Electronic check,No,No
CUST00318,14,27.47,351.49,Female,Month-to-month,Mailed check,No,No
CUST00319,65,105.24,6829.58,Male,Month-to-month,Electronic check,DSL,Yes
CUST00320,31,119.01,3677.26,Female,Month-to-month,Mailed check,DSL,Yes
CUST00321,62,87.61,5404.49,Male,Month-to-month,Mailed check,Fiber optic,Yes
CUST00322,50,64.6,3218.16,Male,Month-to-month,Credit card,Fiber optic,No
CUST00323,24,84.76,1997.12,Female,One year,Electronic check,No,No
CUST00324,57,79.44,4519.36,Female,Month-to-month,Credit card,DSL,No
CUST00325,62,58.36,3648.56,Female,One year,Bank transfer,DSL,No
CUST00326,61,26.56,1618.07,Male,Month-to-month,Bank transfer,Fiber optic,No
CUST00327,21,102.15,2096.95,Female,Month-to-month,Bank transfer,No,Yes
CUST00328,57,57.18,3251.4,Male,One year,Mailed check,No,No
CUST00329,57,101.88,5759.88,Female,Month-to-month,Mailed check,Fiber optic,Yes
CUST00330,48,45.25,2218.62,Female,Month-to-month,Mailed check,DSL,No
CUST00331,51,20.1,987.85,Female,Month-to-month,Electronic check,Fiber optic,No
CUST00332,41,35.89,1492.26,Male,Two year,Credit card,Fiber optic,No
CUST00333,69,66.85,4659.93,Female,Month-to-month,Mailed check,Fiber optic,No
CUST00334,14,114.43,1634.62,Female,Month-to-month,Credit card,Fiber optic,Yes
CUST00335,53,30.22,1621.59,Male,One year,Credit card,DSL,No
CUST00336,59,105.42,6253.73,Male,Month-to-month,Credit card,Fiber optic,Yes
CUST00337,7,72.7,557.08,Female,Month-to-month,Electronic check,DSL,Yes
CUST00338,52,102.59,5346.81,Female,Month-to-month,Electronic check,Fiber optic,Yes
CUST00339,59,49.84,2946.48,Female,One year,Bank transfer,No,No
CUST00340,4,103.99,428.78,Male,Month-to-month,Bank transfer,DSL,Yes
CUST00341,67,97.28,6521.03,Male,Month-to-month,Credit card,No,Yes
CUST00342,5,43.01,228.56,Male,Month-to-month,Bank transfer,Fiber optic,Yes
CUST00343,46,33.13,1518.96,Male,One year,Credit card,Fiber optic,No
CUST00344,54,106.81,5739.58,Female,Month-to-month,Electronic check,Fiber optic,Yes
CUST00345,39,116.32,4498.5,Male,Two year,Electronic check,DSL,No
CUST00346,51,23.13,1136.46,Male,Month-to-month,Electronic check,No,No
CUST00347,15,93.13,1373.28,Male,Two year,Mailed check,DSL,No
CUST00348,12,110.95,1286.01,Female,Two year,Credit card,DSL,No
CUST00349,29,105.74,3073.18,Female,Month-to-month,Electronic check,Fiber optic,Yes
CUST00350,18,116.45,2074.48,Male,Month-to-month,Credit card,No,Yes
CUST00351,16,96.01,1568.61,Male,Month-to-month,Bank transfer,Fiber optic,Yes
CUST00352,62,64.23,3939.68,Female,Month-to-month,Bank transfer,DSL,No
CUST00353,18,51.2,894.24,Female,One year,Electronic check,Fiber optic,No
CUST00354,57,52.07,2991.01,Female,Month-to-month,Credit card,No,No
CUST00355,54,92.44,5001.64,Female,Month-to-month,Electronic check,Fiber optic,Yes
CUST00356,61,94.58,5725.83,Female,Month-to-month,Bank transfer,No,Yes
CUST00357,22,40.04,918.6,Female,Two year,Electronic check,No,No
CUST00358,8,106.81,892.21,Female,Month-to-month,Credit card,Fiber optic,Yes
CUST00359,11,91.49,989.43,Female,Month-to-month,Bank transfer,DSL,Yes
CUST00360,0,76.28,0.0,Male,Month-to-month,Mailed check,Fiber optic,Yes
CUST00361,57,67.15,3876.45,Male,Two year,Bank transfer,DSL,No
CUST00362,0,74.32,12.62,Male,One year,Mailed check,DSL,Yes
CUST00363,33,35.92,1188.49,Male,Month-to-month,Electronic check,Fiber optic,No
CUST00364,47,40.37,1931.21,Male,Month-to-month,Electronic check,DSL,No
CUST00365,0,29.12,0.0,Male,Month-to-month,Credit card,DSL,Yes
CUST00366,15,35.37,523.47,Female,Month-to-month,Mailed check,Fiber optic,No
CUST00367,60,65.37,3898.98,Female,Two year,Electronic check,Fiber optic,No
CUST00368,63,73.04,4630.44,Male,One year,Mailed check,Fiber optic,No
CUST00369,62,21.79,1358.31,Male,Month-to-month,Electronic check,DSL,No
CUST00370,68,99.68,6794.12,Female,Two year,Bank transfer,No,No
CUST00371,21,49.42,1013.05,Female,Month-to-month,Electronic check,DSL,No
CUST00372,66,111.18,7309.9,Female,One year,Credit card,No,No
CUST00373,25,116.75,2917.59,Male,Two year,Bank transfer,Fiber optic,No
CUST00374,15,38.55,602.01,Female,Month-to-month,Credit card,No,No
CUST00375,50,66.21,3313.02,Male,One year,Bank transfer,Fiber optic,No
CUST00376,56,20.12,1079.98,Male,Month-to-month,Mailed check,Fiber optic,No
CUST00377,28,79.83,2272.1,Female,Month-to-month,Credit card,No,No
CUST00378,68,80.73,5446.11,Female,Month-to-month,Electronic check,Fiber optic,Yes
CUST00379,46,44.75,2104.08,Male,Month-to-month,Mailed check,No,No
CUST00380,61,75.84,4578.75,Female,One year,Electronic check,Fiber optic,No
CUST00381,68,42.55,2912.85,Female,Two year,Bank transfer,DSL,No
CUST00382,15,36.08,499.42,Male,One year,Bank transfer,DSL,No
CUST00383,47,85.15,4043.12,Female,Two year,Electronic check,Fiber optic,No
CUST00384,38,52.59,1994.86,Male,One year,Electronic check,Fiber optic,No
CUST00385,32,79.03,2492.71,Male,Month-to-month,Mailed check,No,No
CUST00386,22,63.32,1377.12,Female,Month-to-month,Electronic check,DSL,No
CUST00387,9,118.44,1032.44,Male,Month-to-month,Credit card,No,Yes
CUST00388,68,34.96,2344.34,Male,One year,Credit card,Fiber optic,No
CUST00389,33,66.46,2237.99,Female,Two year,Electronic check,Fiber optic,No
CUST00390,51,88.05,4485.07,Female,Month-to-month,Credit card,No,Yes
CUST00391,9,59.55,564.83,Female,One year,Electronic check,Fiber optic,Yes
CUST00392,18,117.47,2128.42,Male,One year,Mailed check,DSL,No
CUST00393,57,92.19,5272.47,Male,Month-to-month,Credit card,No,Yes
CUST00394,0,85.7,0.0,Female,Month-to-month,Credit card,DSL,Yes
CUST00395,68,95.71,6481.7,Male,Month-to-month,Electronic check,DSL,Yes
CUST00396,3,115.26,374.46,Female,Month-to-month,Credit card,DSL,Yes
CUST00397,15,110.78,1708.78,Female,Month-to-month,Bank transfer,No,Yes
CUST00398,23,92.43,2102.16,Male,Month-to-month,Mailed check,Fiber optic,Yes
CUST00399,1,94.92,72.08,Female,Month-to-month,Mailed check,DSL,Yes
CUST00400,31,34.59,1069.58,Male,Month-to-month,Credit card,DSL,No
CUST00401,23,30.28,744.82,Male,Two year,Credit card,DSL,No
CUST00402,11,77.09,824.89,Female,Month-to-month,Bank transfer,Fiber optic,Yes
CUST00403,49,21.84,1060.86,Male,One year,Bank transfer,Fiber optic,No
CUST00404,34,68.24,2359.31,Female,Month-to-month,Credit card,No,No
CUST00405,32,41.03,1263.25,Male,Month-to-month,Credit card,Fiber optic,No
CUST00406,32,54.6,1701.18,Male,Two year,Bank transfer,No,No
CUST00407,60,97.58,5865.21,Male,Month-to-month,Electronic check,No,Yes
CUST00408,50,114.12,5746.74,Female,Month-to-month,Bank transfer,No,Yes
CUST00409,42,27.24,1117.97,Male,One year,Electronic check,No,No
CUST00410,11,73.42,804.58,Female,Month-to-month,Mailed check,No,Yes
CUST00411,66,108.25,7139.55,Male,Month-to-month,Mailed check,DSL,Yes
CUST00412,64,28.25,1805.3,Male,Month-to-month,Bank transfer,Fiber optic,No
CUST00413,32,102.45,3290.65,Female,Month-to-month,Electronic check,DSL,Yes
CUST00414,39,55.78,2172.39,Female,Month-to-month,Bank transfer,No,No
CUST00415,42,52.21,2187.57,Female,Month-to-month,Bank transfer,Fiber optic,No
CUST00416,43,117.75,5060.68,Female,Two year,Electronic check,DSL,No
CUST00417,28,40.09,1131.61,Female,One year,Bank transfer,DSL,No
CUST00418,12,89.32,1075.54,Male,One year,Mailed check,No,No
CUST00419,11,102.14,1158.95,Male,One year,Credit card,DSL,Yes
CUST00420,45,24.12,1040.35,Female,Two year,Credit card,DSL,No
CUST00421,1,87.04,120.37,Male,Month-to-month,Bank transfer,DSL,Yes
CUST00422,34,115.15,3949.49,Male,Two year,Electronic check,DSL,No
CUST00423,7,32.42,205.43,Male,One year,Electronic check,DSL,Yes
CUST00424,25,109.62,2736.79,Female,One year,Mailed check,No,No
CUST00425,33,79.48,2616.69,Male,Month-to-month,Electronic check,No,No
CUST00426,6,81.66,461.81,Male,Month-to-month,Electronic check,DSL,Yes
CUST00427,67,81.29,5436.11,Male,Month-to-month,Mailed check,No,Yes
CUST00428,57,49.88,2797.6,Female,One year,Bank transfer,No,No
CUST00429,28,113.52,3156.34,Male,Month-to-month,Credit card,Fiber optic,Yes
CUST00430,35,114.74,4047.57,Male,One year,Mailed check,DSL,No
CUST00431,20,82.53,1629.06,Female,Month-to-month,Bank transfer,No,Yes
CUST00432,35,98.34,3473.72,Female,Month-to-month,Mailed check,No,Yes
CUST00433,9,81.23,734.23,Male,Month-to-month,Bank transfer,DSL,Yes
CUST00434,23,68.44,1612.11,Male,Month-to-month,Mailed check,Fiber optic,No
CUST00435,63,86.08,5430.52,Female,Month-to-month,Bank transfer,DSL,Yes
CUST00436,48,75.3,3567.37,Female,Month-to-month,Mailed check,Fiber optic,No
CUST00437,35,79.75,2808.79,Female,Two year,Bank transfer,DSL,No
CUST00438,23,98.38,2217.23,Female,Month-to-month,Mailed check,DSL,Yes
CUST00439,22,68.09,1493.04,Female,Month-to-month,Credit card,DSL,No
CUST00440,61,24.08,1511.82,Female,One year,Credit card,DSL,No
CUST00441,36,36.4,1276.92,Female,Two year,Electronic check,Fiber optic,No
CUST00442,11,63.86,691.45,Male,One year,Bank transfer,Fiber optic,Yes
CUST00443,54,92.48,5016.91,Female,Month-to-month,Mailed check,No,Yes
CUST00444,12,79.33,990.19,Female,Two year,Bank transfer,DSL,No
CUST00445,22,85.03,1887.75,Male,One year,Credit card,Fiber optic,No
CUST00446,29,67.93,1945.79,Female,Month-to-month,Bank transfer,Fiber optic,No
CUST00447,16,81.57,1322.58,Female,Month-to-month,Mailed check,Fiber optic,Yes
CUST00448,61,52.9,3206.57,Male,Month-to-month,Bank transfer,DSL,No
CUST00449,12,67.02,826.08,Female,Month-to-month,Mailed check,No,No
CUST00450,58,94.43,5522.34,Male,One year,Credit card,Fiber optic,No
CUST00451,18,107.18,1951.38,Male,Month-to-month,Credit card,DSL,Yes
CUST00452,48,63.37,3078.05,Male,Two year,Credit card,Fiber optic,No
CUST00453,11,24.37,218.28,Male,Month-to-month,Electronic check,Fiber optic,Yes
CUST00454,60,36.17,2191.96,Female,Month-to-month,Credit card,No,No
CUST00455,18,22.09,430.58,Male,Month-to-month,Bank transfer,Fiber optic,No
CUST00456,8,85.33,636.7,Male,Month-to-month,Electronic check,Fiber optic,Yes
CUST00457,70,53.23,3763.26,Female,One year,Credit card,DSL,No
CUST00458,27,74.25,1980.42,Male,One year,Bank transfer,DSL,No
CUST00459,51,69.33,3552.36,Male,Month-to-month,Bank transfer,No,No
CUST00460,15,28.15,452.29,Male,Month-to-month,Bank transfer,DSL,No
CUST00461,68,60.33,4118.71,Male,Month-to-month,Mailed check,DSL,No
CUST00462,11,42.06,421.89,Female,One year,Electronic check,No,Yes
CUST00463,24,61.84,1493.79,Male,Month-to-month,Bank transfer,Fiber optic,No
CUST00464,51,40.36,2063.32,Female,Month-to-month,Mailed check,No,No
CUST00465,52,104.05,5450.63,Female,One year,Credit card,DSL,No
CUST00466,22,37.42,813.66,Male,Two year,Bank transfer,No,No
CUST00467,15,116.08,1723.31,Male,Month-to-month,Mailed check,Fiber optic,Yes
CUST00468,56,61.59,3474.03,Male,Month-to-month,Bank transfer,No,No
CUST00469,38,104.62,3966.83,Male,One year,Electronic check,DSL,No
CUST00470,52,82.88,4324.37,Female,One year,Electronic check,DSL,No
CUST00471,41,93.54,3849.79,Female,Month-to-month,Credit card,No,Yes
CUST00472,57,96.77,5554.69,Female,Two year,Bank transfer,Fiber optic,No
CUST00473,38,70.48,2688.11,Male,One year,Mailed check,No,No
CUST00474,13,74.33,966.51,Female,Month-to-month,Credit card,Fiber optic,No
CUST00475,4,71.4,249.49,Male,Month-to-month,Bank transfer,Fiber optic,Yes
CUST00476,34,78.81,2641.11,Male,Month-to-month,Credit card,No,No
CUST00477,17,22.94,355.41,Male,One year,Mailed check,Fiber optic,No
CUST00478,8,59.55,443.58,Male,Month-to-month,Credit card,DSL,Yes
CUST00479,57,80.62,4609.13,Male,One year,Credit card,No,No
CUST00480,16,79.77,1300.42,Female,One year,Credit card,Fiber optic,No
CUST00481,6,99.3,598.8,Female,Month-to-month,Bank transfer,DSL,Yes
CUST00482,45,85.5,3880.4,Male,One year,Mailed check,No,No
CUST00483,12,119.21,1479.65,Female,Two year,Electronic check,DSL,No
CUST00484,39,48.39,1919.21,Male,Month-to-month,Bank transfer,DSL,No
CUST00485,41,55.92,2312.21,Male,Month-to-month,Electronic check,DSL,No
CUST00486,8,58.38,470.29,Male,Month-to-month,Electronic check,Fiber optic,Yes
CUST00487,49,66.58,3257.31,Female,Two year,Bank transfer,No,No
CUST00488,26,103.6,2652.04,Male,Two year,Bank transfer,No,No
CUST00489,65,43.58,2822.64,Male,Month-to-month,Mailed check,Fiber optic,No
CUST00490,4,97.6,431.41,Female,One year,Mailed check,No,Yes
CUST00491,28,60.53,1725.64,Female,Month-to-month,Credit card,DSL,No
CUST00492,36,80.19,2858.45,Female,Month-to-month,Electronic check,No,Yes
CUST00493,37,83.25,3076.91,Male,Month-to-month,Mailed check,Fiber optic,Yes
CUST00494,7,57.28,432.63,Male,Month-to-month,Credit card,DSL,Yes
CUST00495,64,71.26,4517.38,Female,Month-to-month,Mailed check,Fiber optic,No
CUST00496,16,61.3,969.54,Male,Month-to-month,Bank transfer,DSL,No
CUST00497,70,26.91,1918.88,Female,Month-to-month,Mailed check,DSL,No
CUST00498,44,63.72,2794.07,Female,Two year,Electronic check,No,No
CUST00499,3,29.74,46.98,Male,Month-to-month,Mailed check,DSL,Yes
CUST00500,35,60.5,2121.75,Male,Month-to-month,Electronic check,Fiber optic,No
CUST00501,69,79.29,5507.18,Female,Month-to-month,Bank transfer,No,No
CUST00502,30,77.94,2347.23,Female,One year,Electronic check,Fiber optic,No
CUST00503,18,86.26,1525.31,Female,Month-to-month,Mailed check,DSL,Yes
CUST00504,60,29.53,1760.22,Female,Month-to-month,Credit card,Fiber optic,No
CUST00505,53,85.21,4511.14,Male,Two year,Bank transfer,Fiber optic,No
CUST00506,38,51.21,1953.91,Female,Month-to-month,Mailed check,DSL,No
CUST00507,18,59.9,1104.14,Female,Month-to-month,Bank transfer,No,No
CUST00508,38,105.8,3980.29,Female,One year,Bank transfer,Fiber optic,No
CUST00509,66,20.9,1418.37,Male,Month-to-month,Mailed check,DSL,No
CUST00510,44,78.84,3420.19,Male,Month-to-month,Mailed check,No,No
CUST00511,12,79.87,945.45,Female,Month-to-month,Credit card,No,No
CUST00512,57,59.67,3353.93,Male,Month-to-month,Bank transfer,No,No
CUST00513,19,43.7,819.6,Male,Month-to-month,Bank transfer,Fiber optic,No
CUST00514,71,43.47,3088.95,Male,Month-to-month,Mailed check,Fiber optic,No
CUST00515,60,108.37,6503.37,Female,Month-to-month,Electronic check,Fiber optic,Yes
CUST00516,38,64.2,2406.16,Female,Month-to-month,Mailed check,No,No
CUST00517,0,53.09,14.57,Male,One year,Bank transfer,Fiber optic,Yes
CUST00518,2,64.88,84.24,Female,Month-to-month,Mailed check,DSL,Yes
CUST00519,61,86.94,5329.53,Female,Month-to-month,Credit card,Fiber optic,Yes
CUST00520,62,34.58,2188.62,Male,Two year,Electronic check,Fiber optic,No
CUST00521,24,64.94,1542.54,Male,One year,Mailed check,No,No
CUST00522,55,78.79,4335.17,Female,Month-to-month,Credit card,Fiber optic,No
CUST00523,32,114.86,3663.41,Male,Two year,Bank transfer,DSL,No
CUST00524,37,45.25,1624.92,Female,Month-to-month,Mailed check,No,No
CUST00525,5,55.93,268.24,Female,Month-to-month,Bank transfer,DSL,Yes
CUST00526,57,57.94,3331.75,Male,One year,Credit card,No,No
CUST00527,43,80.55,3473.25,Female,Month-to-month,Bank transfer,No,Yes
CUST00528,44,55.67,2409.61,Female,Month-to-month,Credit card,Fiber optic,No
CUST00529,31,73.35,2308.56,Male,Month-to-month,Credit card,DSL,No
CUST00530,44,98.18,4323.03,Male,Month-to-month,Credit card,No,Yes
CUST00531,60,90.54,5466.57,Male,Month-to-month,Mailed check,Fiber optic,Yes
CUST00532,46,64.64,2981.46,Female,Two year,Bank transfer,No,No
CUST00533,20,106.42,2134.37,Male,Month-to-month,Bank transfer,No,Yes
CUST00534,35,75.81,2613.88,Male,Two year,Electronic check,No,No
CUST00535,18,73.99,1298.56,Male,Month-to-month,Electronic check,No,No
CUST00536,19,23.42,492.18,Male,One year,Electronic check,No,No
CUST00537,56,118.67,6618.37,Female,One year,Electronic check,No,No
CUST00538,17,32.3,596.85,Female,One year,Bank transfer,Fiber optic,No
CUST00539,46,43.11,1986.25,Male,Month-to-month,Credit card,No,No
CUST00540,48,25.17,1171.74,Female,Month-to-month,Credit card,DSL,No
CUST00541,13,84.0,1051.93,Male,Month-to-month,Mailed check,Fiber optic,Yes
CUST00542,14,42.47,565.47,Male,Two year,Credit card,DSL,No
CUST00543,30,38.0,1182.56,Female,One year,Bank transfer,No,No
CUST00544,0,28.86,0.0,Female,Month-to-month,Bank transfer,DSL,Yes
CUST00545,53,30.33,1597.03,Male,Month-to-month,Bank transfer,No,No
CUST00546,2,78.47,138.26,Male,Month-to-month,Mailed check,No,Yes
CUST00547,15,88.82,1297.01,Female,One year,Electronic check,Fiber optic,No
CUST00548,56,59.74,3344.23,Male,Month-to-month,Credit card,Fiber optic,No
CUST00549,11,67.99,710.89,Female,One year,Bank transfer,No,Yes
CUST00550,15,88.6,1362.55,Male,Two year,Bank transfer,Fiber optic,No
CUST00551,71,21.74,1530.58,Male,Month-to-month,Electronic check,DSL,No
CUST00552,23,52.31,1190.61,Female,Month-to-month,Bank transfer,Fiber optic,No
CUST00553,27,117.31,3164.77,Female,Month-to-month,Credit card,Fiber optic,Yes
CUST00554,7,78.01,540.48,Female,Month-to-month,Mailed check,DSL,Yes
CUST00555,35,45.42,1639.19,Female,Month-to-month,Bank transfer,Fiber optic,No
CUST00556,7,72.17,509.73,Female,Month-to-month,Credit card,No,Yes
CUST00557,57,54.27,3052.21,Female,Two year,Bank transfer,DSL,No
CUST00558,59,73.22,4330.67,Female,Month-to-month,Electronic check,No,No
CUST00559,49,32.57,1561.09,Male,Month-to-month,Bank transfer,DSL,No
CUST00560,27,33.27,851.38,Male,Two year,Bank transfer,No,No
CUST00561,40,34.35,1421.07,Male,One year,Mailed check,No,No
CUST00562,63,113.98,7208.09,Female,Month-to-month,Electronic check,Fiber optic,Yes
CUST00563,26,93.29,2473.55,Female,Month-to-month,Electronic check,No,Yes
CUST00564,62,36.24,2244.67,Female,Month-to-month,Mailed check,Fiber optic,No
CUST00565,16,38.83,624.51,Male,One year,Bank transfer,DSL,No
CUST00566,32,93.08,2945.39,Female,One year,Credit card,No,No
CUST00567,28,35.62,972.05,Female,One year,Electronic check,No,No
CUST00568,12,43.46,555.37,Male,Month-to-month,Electronic check,DSL,No
CUST00569,45,116.33,5220.47,Female,One year,Bank transfer,DSL,No
CUST00570,34,45.53,1580.7,Male,Month-to-month,Bank transfer,No,No
CUST00571,5,86.16,451.7,Male,Month-to-month,Electronic check,DSL,Yes
CUST00572,68,117.86,7982.2,Female,Month-to-month,Bank transfer,Fiber optic,Yes
CUST00573,46,57.43,2642.52,Female,Month-to-month,Credit card,DSL,No
CUST00574,24,21.75,539.74,Female,Month-to-month,Electronic check,DSL,No
CUST00575,65,44.41,2860.15,Male,One year,Credit card,No,No
CUST00576,9,103.09,960.88,Male,Two year,Credit card,Fiber optic,Yes
CUST00577,55,106.46,5859.78,Male,Month-to-month,Bank transfer,DSL,Yes
CUST00578,29,96.85,2775.17,Female,Month-to-month,Credit card,Fiber optic,Yes
CUST00579,4,31.31,133.54,Female,Month-to-month,Bank transfer,Fiber optic,Yes
CUST00580,32,99.55,3235.57,Female,Month-to-month,Mailed check,Fiber optic,Yes
CUST00581,64,111.87,7124.73,Female,Month-to-month,Bank transfer,No,Yes
CUST00582,17,80.06,1392.7,Male,Two year,Credit card,DSL,No
CUST00583,48,114.09,5447.05,Male,Month-to-month,Mailed check,No,Yes
CUST00584,10,102.68,1055.04,Male,Month-to-month,Bank transfer,DSL,Yes
CUST00585,25,86.7,2190.96,Male,Month-to-month,Credit card,DSL,Yes
CUST00586,62,77.72,4798.69,Female,Two year,Electronic check,No,No
CUST00587,58,54.86,3164.46,Female,One year,Electronic check,Fiber optic,No
CUST00588,26,35.93,963.43,Female,Two year,Bank transfer,Fiber optic,No
CUST00589,48,80.5,3860.14,Male,One year,Bank transfer,DSL,No
CUST00590,32,51.81,1681.0,Male,Month-to-month,Electronic check,No,No
CUST00591,0,106.64,0.0,Female,Month-to-month,Credit card,Fiber optic,Yes
CUST00592,20,119.33,2421.86,Female,One year,Credit card,Fiber optic,No
CUST00593,54,95.24,5164.05,Male,Month-to-month,Credit card,DSL,Yes
CUST00594,5,29.05,185.94,Female,Month-to-month,Bank transfer,DSL,Yes
CUST00595,68,48.87,3286.4,Male,Month-to-month,Mailed check,No,No
CUST00596,4,30.91,132.94,Male,Month-to-month,Mailed check,DSL,Yes
CUST00597,2,85.05,180.01,Male,Month-to-month,Mailed check,Fiber optic,Yes
CUST00598,52,96.52,5004.39,Female,Month-to-month,Mailed check,Fiber optic,Yes
CUST00599,22,112.57,2472.39,Female,One year,Mailed check,Fiber optic,No
CUST00600,52,63.82,3272.44,Male,Month-to-month,Bank transfer,Fiber optic,No
CUST00601,36,110.14,3989.63,Female,Month-to-month,Bank transfer,No,Yes
CUST00602,16,107.79,1729.57,Male,Month-to-month,Mailed check,No,Yes
CUST00603,0,51.72,0.0,Male,Month-to-month,Bank transfer,DSL,Yes
CUST00604,50,106.89,5362.58,Male,Month-to-month,Bank transfer,DSL,Yes
CUST00605,44,57.57,2529.76,Male,Month-to-month,Mailed check,DSL,No
CUST00606,3,49.69,102.52,Female,Month-to-month,Credit card,No,Yes
CUST00607,61,84.91,5226.47,Male,Month-to-month,Bank transfer,Fiber optic,Yes
CUST00608,64,52.84,3426.67,Male,Month-to-month,Credit card,DSL,No
CUST00609,31,83.02,2574.91,Female,Month-to-month,Bank transfer,Fiber optic,Yes
CUST00610,33,80.98,2631.71,Male,Month-to-month,Bank transfer,DSL,Yes
CUST00611,71,76.34,5445.6,Male,Month-to-month,Mailed check,DSL,No
CUST00612,38,58.04,2204.71,Female,Month-to-month,Bank transfer,DSL,No
CUST00613,25,74.85,1851.49,Female,One year,Electronic check,DSL,No
CUST00614,33,79.65,2627.59,Female,Month-to-month,Electronic check,DSL,No
CUST00615,53,74.57,3954.45,Male,Month-to-month,Mailed check,Fiber optic,No
CUST00616,2,64.44,135.15,Female,Month-to-month,Credit card,DSL,Yes
CUST00617,49,21.47,1046.15,Female,One year,Credit card,Fiber optic,No
CUST00618,11,78.71,876.39,Male,Two year,Credit card,No,Yes
CUST00619,64,36.84,2399.63,Male,One year,Electronic check,DSL,No
CUST00620,53,84.26,4452.01,Male,One year,Credit card,Fiber optic,No
CUST00621,4,95.93,406.29,Male,Month-to-month,Credit card,No,Yes
CUST00622,56,70.04,3961.69,Male,One year,Mailed check,No,No
CUST00623,16,74.24,1183.44,Female,Month-to-month,Credit card,No,No
CUST00624,46,115.15,5291.25,Female,Month-to-month,Electronic check,Fiber optic,Yes
CUST00625,22,104.72,2314.05,Female,Month-to-month,Electronic check,DSL,Yes
CUST00626,13,111.42,1457.6,Male,Month-to-month,Electronic check,DSL,Yes
CUST00627,65,101.38,6620.36,Male,Two year,Mailed check,Fiber optic,No
CUST00628,50,30.89,1542.15,Male,Month-to-month,Mailed check,DSL,No
CUST00629,37,34.9,1340.91,Female,One year,Bank transfer,Fiber optic,No
CUST00630,63,72.66,4533.53,Female,Month-to-month,Credit card,DSL,No
CUST00631,37,44.61,1600.89,Male,Month-to-month,Mailed check,No,No
CUST00632,49,67.67,3329.85,Female,Month-to-month,Electronic check,DSL,No
CUST00633,29,59.44,1703.6,Male,Month-to-month,Electronic check,Fiber optic,No
CUST00634,50,74.94,3721.04,Female,One year,Mailed check,Fiber optic,No
CUST00635,62,94.69,5851.97,Female,Month-to-month,Mailed check,No,Yes
CUST00636,51,91.55,4644.65,Female,Month-to-month,Mailed check,Fiber optic,Yes
CUST00637,37,72.12,2621.52,Male,One year,Bank transfer,DSL,No
CUST00638,29,102.24,3012.11,Female,Month-to-month,Electronic check,DSL,Yes
CUST00639,50,63.09,3126.57,Female,Two year,Bank transfer,No,No
CUST00640,4,109.67,462.08,Male,Month-to-month,Bank transfer,Fiber optic,Yes
CUST00641,28,27.13,785.9,Female,Month-to-month,Credit card,No,No
CUST00642,3,115.47,389.34,Male,Month-to-month,Electronic check,DSL,Yes
CUST00643,9,85.47,722.28,Male,Month-to-month,Electronic check,No,Yes
CUST00644,55,58.01,3227.75,Male,Month-to-month,Mailed check,Fiber optic,No
CUST00645,16,39.72,638.24,Male,One year,Mailed check,No,No
CUST00646,16,67.92,1099.97,Male,Two year,Credit card,Fiber optic,No
CUST00647,68,39.46,2697.73,Female,One year,Bank transfer,Fiber optic,No
CUST00648,33,36.63,1240.77,Male,Month-to-month,Mailed check,DSL,No
CUST00649,5,81.74,392.04,Male,Month-to-month,Mailed check,DSL,Yes
CUST00650,52,72.31,3783.43,Male,Month-to-month,Electronic check,DSL,No
CUST00651,65,87.01,5658.51,Male,Month-to-month,Electronic check,Fiber optic,Yes
CUST00652,42,112.96,4773.66,Female,One year,Mailed check,No,No
CUST00653,22,73.23,1660.11,Male,Month-to-month,Electronic check,Fiber optic,No
CUST00654,54,78.09,4186.93,Female,Month-to-month,Credit card,DSL,No
CUST00655,15,28.96,483.86,Male,Month-to-month,Mailed check,DSL,No
CUST00656,7,91.76,601.3,Female,Two year,Electronic check,No,Yes
CUST00657,3,59.99,130.2,Male,Month-to-month,Credit card,DSL,Yes
CUST00658,3,117.67,307.43,Male,Month-to-month,Electronic check,DSL,Yes
CUST00659,55,102.32,5611.78,Female,Month-to-month,Electronic check,DSL,Yes
CUST00660,24,72.25,1747.29,Male,Month-to-month,Electronic check,No,No
CUST00661,66,32.32,2090.02,Female,Month-to-month,Mailed check,Fiber optic,No
CUST00662,66,105.94,6942.61,Male,Month-to-month,Bank transfer,DSL,Yes
CUST00663,26,99.98,2643.19,Female,One year,Electronic check,No,No
CUST00664,31,38.46,1224.45,Male,Month-to-month,Credit card,DSL,No
CUST00665,49,49.53,2457.89,Male,One year,Mailed check,No,No
CUST00666,60,99.34,5998.84,Female,Two year,Mailed check,DSL,No
CUST00667,50,38.52,1946.0,Male,One year,Credit card,No,No
CUST00668,18,111.78,1972.48,Male,Month-to-month,Electronic check,DSL,Yes
CUST00669,20,62.45,1238.91,Male,Month-to-month,Bank transfer,Fiber optic,No
CUST00670,4,28.7,137.11,Male,One year,Electronic check,DSL,Yes
CUST00671,41,101.57,4142.4,Male,One year,Credit card,No,No
CUST00672,60,57.35,3459.74,Male,Month-to-month,Mailed check,DSL,No
CUST00673,21,72.65,1478.1,Female,One year,Bank transfer,Fiber optic,No
CUST00674,20,31.23,605.21,Female,Month-to-month,Mailed check,DSL,No
CUST00675,69,20.26,1402.85,Female,Month-to-month,Credit card,No,No
CUST00676,0,83.8,13.21,Male,Month-to-month,Electronic check,No,Yes
CUST00677,4,71.52,293.78,Female,Month-to-month,Bank transfer,Fiber optic,Yes
CUST00678,11,79.35,892.63,Male,Month-to-month,Mailed check,No,Yes
CUST00679,45,99.37,4422.26,Male,One year,Mailed check,DSL,No
CUST00680,33,84.66,2753.87,Male,Month-to-month,Mailed check,DSL,Yes
CUST00681,48,37.48,1835.93,Male,Month-to-month,Electronic check,DSL,No
CUST00682,44,56.08,2485.69,Female,Month-to-month,Bank transfer,No,No
CUST00683,26,110.59,2836.63,Male,Month-to-month,Electronic check,DSL,Yes
CUST00684,25,96.99,2458.96,Female,Month-to-month,Electronic check,DSL,Yes
CUST00685,46,75.66,3454.58,Male,One year,Electronic check,DSL,No
CUST00686,55,45.56,2503.63,Female,One year,Credit card,Fiber optic,No
CUST00687,62,50.21,3077.54,Female,One year,Credit card,No,No
CUST00688,47,93.2,4401.41,Female,One year,Credit card,No,No
CUST00689,60,105.12,6323.89,Female,Month-to-month,Bank transfer,No,Yes
CUST00690,25,87.14,2149.61,Female,Month-to-month,Electronic check,Fiber optic,Yes
CUST00691,35,100.95,3569.59,Female,Month-to-month,Electronic check,No,Yes
CUST00692,0,96.67,0.0,Male,Month-to-month,Credit card,Fiber optic,Yes
CUST00693,7,34.97,224.04,Female,Two year,Electronic check,Fiber optic,Yes
CUST00694,51,62.39,3147.12,Male,Month-to-month,Electronic check,No,No
CUST00695,46,35.3,1600.42,Female,Month-to-month,Mailed check,DSL,No
CUST00696,55,43.52,2345.8,Male,Two year,Electronic check,DSL,No
CUST00697,13,106.93,1398.42,Female,Two year,Mailed check,No,No
CUST00698,27,67.29,1851.05,Female,One year,Electronic check,No,No
CUST00699,1,73.54,78.44,Male,Month-to-month,Bank transfer,Fiber optic,Yes
CUST00700,25,37.84,917.93,Female,Month-to-month,Credit card,No,No
CUST00701,13,51.23,619.36,Female,Month-to-month,Mailed check,Fiber optic,No
CUST00702,58,43.02,2466.62,Female,Month-to-month,Credit card,No,No
CUST00703,55,40.62,2225.71,Male,Month-to-month,Mailed check,DSL,No
CUST00704,6,83.8,528.76,Female,Month-to-month,Mailed check,DSL,Yes
CUST00705,2,45.69,60.16,Male,Two year,Mailed check,No,Yes
CUST00706,22,83.2,1852.38,Female,Month-to-month,Bank transfer,Fiber optic,Yes
CUST00707,17,25.85,476.14,Female,One year,Electronic check,DSL,No
CUST00708,37,34.18,1260.05,Male,One year,Mailed check,Fiber optic,No
CUST00709,14,47.45,696.44,Female,Month-to-month,Bank transfer,No,No
CUST00710,63,79.7,5026.57,Female,One year,Mailed check,No,No
CUST00711,27,87.58,2378.37,Male,Month-to-month,Electronic check,DSL,Yes
CUST00712,38,64.27,2444.89,Female,Month-to-month,Mailed check,No,No
CUST00713,56,64.58,3612.8,Male,One year,Bank transfer,DSL,No
CUST00714,16,92.45,1452.67,Male,Month-to-month,Electronic check,Fiber optic,Yes
CUST00715,43,21.58,908.26,Male,Two year,Bank transfer,DSL,No
CUST00716,24,54.11,1277.64,Female,Month-to-month,Electronic check,DSL,No
CUST00717,16,101.87,1636.25,Male,Month-to-month,Electronic check,Fiber optic,Yes
CUST00718,12,80.32,925.84,Male,Month-to-month,Credit card,DSL,Yes
CUST00719,24,53.72,1330.96,Female,Month-to-month,Credit card,DSL,No
CUST00720,67,110.55,7428.92,Male,Month-to-month,Credit card,No,Yes
CUST00721,9,97.26,865.48,Female,One year,Electronic check,Fiber optic,Yes
CUST00722,66,46.49,3034.2,Female,One year,Mailed check,DSL,No
CUST00723,17,84.53,1475.21,Female,One year,Bank transfer,Fiber optic,No
CUST00724,33,79.58,2658.52,Female,Month-to-month,Bank transfer,Fiber optic,No
CUST00725,7,60.12,443.01,Male,One year,Bank transfer,DSL,Yes
CUST00726,39,56.7,2188.45,Male,One year,Credit card,No,No
CUST00727,41,54.36,2219.0,Male,One year,Electronic check,Fiber optic,No
CUST00728,40,81.72,3229.07,Male,Month-to-month,Credit card,DSL,Yes
CUST00729,5,64.24,290.1,Male,One year,Mailed check,Fiber optic,Yes
CUST00730,51,103.19,5290.99,Female,One year,Electronic check,No,No
CUST00731,25,86.96,2195.5,Male,Month-to-month,Bank transfer,No,Yes
CUST00732,63,26.99,1709.72,Male,One year,Credit card,No,No
CUST00733,58,84.02,4912.73,Male,Month-to-month,Credit card,DSL,Yes
CUST00734,55,47.11,2599.38,Female,Month-to-month,Mailed check,DSL,No
CUST00735,58,79.28,4594.94,Female,Month-to-month,Mailed check,No,No
CUST00736,69,88.01,6056.73,Male,Month-to-month,Credit card,DSL,Yes
CUST00737,32,43.08,1422.6,Female,Month-to-month,Mailed check,No,No
CUST00738,52,65.69,3374.15,Male,One year,Bank transfer,DSL,No
CUST00739,21,39.03,862.72,Male,Month-to-month,Mailed check,No,No
CUST00740,20,25.23,537.27,Female,One year,Mailed check,Fiber optic,No
CUST00741,69,57.85,3954.64,Female,Two year,Credit card,No,No
CUST00742,69,56.29,3890.51,Male,Month-to-month,Credit card,No,No
CUST00743,3,119.55,395.3,Male,Two year,Electronic check,DSL,Yes
CUST00744,61,64.64,3950.22,Female,Two year,Electronic check,DSL,No
CUST00745,61,53.36,3295.68,Male,One year,Credit card,DSL,No
CUST00746,23,78.05,1839.45,Female,One year,Mailed check,DSL,No
CUST00747,54,28.88,1551.76,Male,Two year,Mailed check,DSL,No
CUST00748,8,116.17,917.09,Female,One year,Electronic check,DSL,Yes
CUST00749,2,83.5,210.63,Male,Month-to-month,Electronic check,Fiber optic,Yes
CUST00750,30,95.48,2881.91,Male,One year,Electronic check,No,No
CUST00751,39,37.05,1406.55,Female,One year,Bank transfer,No,No
CUST00752,35,60.95,2087.48,Male,Month-to-month,Bank transfer,No,No
CUST00753,23,62.27,1438.67,Male,Month-to-month,Electronic check,Fiber optic,No
CUST00754,5,102.18,553.92,Female,One year,Mailed check,No,Yes
CUST00755,65,20.12,1342.22,Male,Month-to-month,Electronic check,Fiber optic,No
CUST00756,3,50.09,167.85,Male,Two year,Bank transfer,Fiber optic,Yes
CUST00757,5,118.12,554.51,Male,Month-to-month,Mailed check,Fiber optic,Yes
CUST00758,50,67.49,3349.92,Female,Month-to-month,Bank transfer,No,No
CUST00759,61,58.25,3590.8,Female,Month-to-month,Mailed check,Fiber optic,No
CUST00760,56,31.98,1759.16,Female,Month-to-month,Bank transfer,No,No
CUST00761,65,117.42,7610.14,Male,One year,Mailed check,No,No
CUST00762,7,22.0,116.96,Male,Two year,Mailed check,DSL,Yes
CUST00763,25,93.72,2360.61,Male,One year,Mailed check,DSL,No
CUST00764,50,96.86,4887.4,Male,Month-to-month,Mailed check,Fiber optic,Yes
CUST00765,44,44.37,1929.18,Female,Month-to-month,Credit card,Fiber optic,No
CUST00766,43,87.16,3745.42,Male,One year,Bank transfer,No,No
CUST00767,4,29.29,130.59,Male,Two year,Bank transfer,Fiber optic,Yes
CUST00768,69,45.7,3203.25,Male,Month-to-month,Credit card,Fiber optic,No
CUST00769,25,98.79,2430.23,Female,Month-to-month,Mailed check,No,Yes
CUST00770,67,106.47,7133.35,Male,Month-to-month,Mailed check,Fiber optic,Yes
CUST00771,18,80.85,1443.81,Male,Two year,Bank transfer,Fiber optic,No
CUST00772,19,70.68,1379.5,Male,One year,Credit card,No,No
CUST00773,11,35.93,392.83,Male,Month-to-month,Mailed check,No,Yes
CUST00774,46,26.31,1171.36,Male,Month-to-month,Mailed check,DSL,No
CUST00775,0,31.76,13.44,Female,Two year,Mailed check,No,Yes
CUST00776,13,42.74,582.7,Male,Month-to-month,Electronic check,DSL,No
CUST00777,63,54.17,3363.0,Male,Month-to-month,Credit card,Fiber optic,No
CUST00778,37,58.09,2185.23,Male,Month-to-month,Mailed check,No,No
CUST00779,36,54.63,1935.28,Male,Month-to-month,Electronic check,No,No
CUST00780,10,43.91,444.31,Male,Month-to-month,Credit card,No,Yes
CUST00781,2,70.97,133.52,Male,One year,Mailed check,Fiber optic,Yes
CUST00782,32,102.53,3302.93,Male,Two year,Bank transfer,DSL,No
CUST00783,5,47.97,226.97,Male,One year,Electronic check,Fiber optic,Yes
CUST00784,49,114.24,5634.74,Male,Two year,Electronic check,Fiber optic,No
CUST00785,9,107.33,989.02,Male,Month-to-month,Mailed check,No,Yes
CUST00786,4,36.18,159.49,Female,One year,Mailed check,DSL,Yes
CUST00787,22,98.63,2199.48,Female,Month-to-month,Electronic check,Fiber optic,Yes
CUST00788,9,77.46,722.54,Female,One year,Bank transfer,No,Yes
CUST00789,43,76.66,3249.97,Female,Two year,Bank transfer,Fiber optic,No
CUST00790,1,59.1,48.57,Male,Month-to-month,Credit card,Fiber optic,Yes
CUST00791,12,70.12,884.52,Female,Month-to-month,Mailed check,No,No
CUST00792,39,59.72,2291.65,Female,Month-to-month,Bank transfer,No,No
CUST00793,1,73.97,97.68,Male,Month-to-month,Credit card,DSL,Yes
CUST00794,64,82.8,5346.66,Female,Month-to-month,Bank transfer,Fiber optic,Yes
CUST00795,62,87.43,5375.88,Female,One year,Mailed check,No,No
CUST00796,16,73.25,1190.22,Male,Two year,Credit card,No,No
CUST00797,8,92.14,733.94,Male,Month-to-month,Credit card,DSL,Yes
CUST00798,14,34.13,485.74,Male,Month-to-month,Credit card,DSL,No
CUST00799,23,41.2,906.13,Female,Month-to-month,Bank transfer,No,No
CUST00800,37,101.87,3723.49,Female,Two year,Mailed check,DSL,No
CUST00801,34,52.25,1793.19,Male,Month-to-month,Credit card,No,No
CUST00802,48,22.29,1102.25,Male,Month-to-month,Electronic check,Fiber optic,No
CUST00803,68,35.38,2434.04,Female,Month-to-month,Mailed check,DSL,No
CUST00804,61,42.36,2588.34,Male,Month-to-month,Electronic check,Fiber optic,No
CUST00805,59,115.73,6788.06,Female,Month-to-month,Electronic check,Fiber optic,Yes
CUST00806,49,77.3,3806.5,Male,Two year,Credit card,Fiber optic,No
CUST00807,8,113.27,880.35,Male,Month-to-month,Credit card,No,Yes
CUST00808,33,77.52,2599.27,Female,One year,Bank transfer,Fiber optic,No
CUST00809,34,67.94,2343.79,Male,Month-to-month,Bank transfer,Fiber optic,No
CUST00810,0,51.37,20.94,Male,One year,Bank transfer,Fiber optic,Yes
CUST00811,39,80.64,3189.84,Male,One year,Mailed check,No,No
CUST00812,63,33.92,2090.1,Female,Month-to-month,Bank transfer,Fiber optic,No
CUST00813,21,109.83,2330.05,Male,Month-to-month,Electronic check,Fiber optic,Yes
CUST00814,59,102.93,6055.89,Male,Month-to-month,Bank transfer,DSL,Yes
CUST00815,63,51.75,3300.86,Male,One year,Credit card,No,No
CUST00816,71,115.28,8161.55,Male,Month-to-month,Bank transfer,Fiber optic,Yes
CUST00817,10,102.52,1047.69,Male,Two year,Mailed check,DSL,Yes
CUST00818,13,86.63,1163.95,Male,Month-to-month,Mailed check,No,Yes
CUST00819,59,32.18,1852.79,Female,One year,Electronic check,No,No
CUST00820,29,67.82,1956.54,Female,One year,Mailed check,No,No
CUST00821,34,70.61,2426.97,Male,One year,Bank transfer,No,No
CUST00822,36,43.26,1552.85,Female,Month-to-month,Credit card,No,No
CUST00823,4,28.0,88.73,Female,Month-to-month,Mailed check,No,Yes
CUST00824,25,97.67,2413.73,Male,One year,Electronic check,Fiber optic,No
CUST00825,61,32.2,1927.35,Female,Month-to-month,Bank transfer,Fiber optic,No
CUST00826,3,79.43,274.0,Female,Month-to-month,Electronic check,Fiber optic,Yes
CUST00827,41,113.64,4666.78,Female,Month-to-month,Mailed check,Fiber optic,Yes
CUST00828,17,107.61,1787.01,Female,Month-to-month,Mailed check,DSL,Yes
CUST00829,39,47.78,1851.68,Female,Month-to-month,Electronic check,Fiber optic,No
CUST00830,71,105.14,7451.71,Female,Month-to-month,Bank transfer,No,Yes
CUST00831,38,20.03,729.31,Female,Month-to-month,Mailed check,Fiber optic,No
CUST00832,13,21.77,276.56,Female,One year,Credit card,Fiber optic,No
CUST00833,31,80.26,2471.27,Male,One year,Mailed check,No,No
CUST00834,50,56.48,2808.18,Male,One year,Bank transfer,Fiber optic,No
CUST00835,37,58.65,2193.95,Female,Two year,Mailed check,Fiber optic,No
CUST00836,22,76.44,1654.01,Female,Month-to-month,Electronic check,Fiber optic,No
CUST00837,62,39.18,2443.35,Male,Month-to-month,Mailed check,DSL,No
CUST00838,14,41.18,583.58,Female,Month-to-month,Mailed check,Fiber optic,No
CUST00839,24,68.46,1649.85,Female,Month-to-month,Bank transfer,No,No
CUST00840,16,95.43,1543.18,Male,Two year,Electronic check,No,No
CUST00841,65,81.95,5331.59,Male,Month-to-month,Bank transfer,Fiber optic,Yes
CUST00842,52,49.74,2624.41,Male,Month-to-month,Mailed check,Fiber optic,No
CUST00843,50,63.03,3169.06,Female,Month-to-month,Credit card,Fiber optic,No
CUST00844,38,37.07,1413.36,Female,Month-to-month,Mailed check,No,No
CUST00845,50,27.46,1405.98,Male,One year,Bank transfer,No,No
CUST00846,69,98.27,6791.24,Male,Month-to-month,Credit card,DSL,Yes
CUST00847,5,46.54,211.81,Female,Two year,Bank transfer,DSL,Yes
CUST00848,66,37.78,2464.19,Male,Month-to-month,Bank transfer,DSL,No
CUST00849,6,89.16,500.19,Female,Month-to-month,Electronic check,No,Yes
CUST00850,50,81.81,4130.45,Female,Two year,Credit card,DSL,No
CUST00851,71,83.32,5936.73,Male,Month-to-month,Mailed check,Fiber optic,Yes
CUST00852,41,42.89,1802.23,Male,Two year,Bank transfer,Fiber optic,No
CUST00853,63,43.26,2735.71,Female,Two year,Mailed check,No,No
CUST00854,14,42.08,586.46,Male,One year,Electronic check,DSL,No
CUST00855,28,37.38,1002.61,Male,One year,Electronic check,Fiber optic,No
CUST00856,32,85.57,2755.4,Male,Month-to-month,Credit card,No,Yes
CUST00857,26,104.8,2733.02,Male,Two year,Electronic check,DSL,No
CUST00858,35,92.43,3284.07,Female,Month-to-month,Electronic check,Fiber optic,Yes
CUST00859,28,99.21,2751.8,Female,One year,Mailed check,DSL,No
CUST00860,37,60.48,2240.83,Female,Two year,Electronic check,No,No
CUST00861,56,85.41,4798.06,Female,Two year,Electronic check,DSL,No
CUST00862,26,55.42,1455.38,Male,One year,Bank transfer,No,No
CUST00863,54,72.55,3923.83,Male,Month-to-month,Electronic check,DSL,No
CUST00864,32,68.16,2208.81,Female,Two year,Bank transfer,Fiber optic,No
CUST00865,67,37.69,2495.73,Female,One year,Electronic check,No,No
CUST00866,65,58.71,3838.71,Male,Two year,Electronic check,No,No
CUST00867,9,116.38,1059.39,Female,One year,Credit card,No,Yes
CUST00868,4,44.86,219.05,Female,Month-to-month,Credit card,DSL,Yes
CUST00869,37,33.38,1269.78,Male,Month-to-month,Bank transfer,DSL,No
CUST00870,12,61.86,723.83,Female,Month-to-month,Electronic check,Fiber optic,No
CUST00871,30,99.03,2948.52,Male,One year,Mailed check,No,No
CUST00872,46,78.21,3645.83,Male,Month-to-month,Credit card,No,No
CUST00873,51,88.1,4495.83,Female,Month-to-month,Mailed check,DSL,Yes
CUST00874,55,38.97,2183.99,Male,Month-to-month,Credit card,DSL,No
CUST00875,14,81.89,1112.85,Female,One year,Credit card,Fiber optic,No
CUST00876,28,52.35,1480.08,Male,Month-to-month,Electronic check,Fiber optic,No
CUST00877,7,103.43,755.0,Female,Month-to-month,Credit card,DSL,Yes
CUST00878,4,82.93,376.46,Female,Month-to-month,Mailed check,No,Yes
CUST00879,28,39.89,1100.65,Female,Month-to-month,Credit card,Fiber optic,No
CUST00880,46,26.46,1239.66,Male,Month-to-month,Bank transfer,DSL,No
CUST00881,67,24.26,1629.3,Male,Month-to-month,Electronic check,DSL,No
CUST00882,44,57.14,2470.22,Female,Month-to-month,Electronic check,No,No
CUST00883,1,46.59,65.59,Male,Two year,Bank transfer,DSL,Yes
CUST00884,26,84.61,2218.87,Female,Two year,Bank transfer,DSL,No
CUST00885,35,69.93,2490.61,Female,Month-to-month,Bank transfer,Fiber optic,No
CUST00886,35,46.6,1630.73,Male,Two year,Credit card,DSL,No
CUST00887,25,34.92,846.03,Female,Month-to-month,Electronic check,DSL,No
CUST00888,42,32.72,1328.7,Male,One year,Bank transfer,Fiber optic,No
CUST00889,26,106.47,2759.78,Female,One year,Credit card,No,No
CUST00890,68,44.35,2995.99,Male,Month-to-month,Bank transfer,No,No
CUST00891,19,85.17,1644.34,Female,Month-to-month,Mailed check,Fiber optic,Yes
CUST00892,10,101.07,996.13,Female,Month-to-month,Mailed check,Fiber optic,Yes
CUST00893,37,81.41,3057.08,Male,Month-to-month,Electronic check,No,Yes
CUST00894,5,105.96,576.03,Female,One year,Credit card,No,Yes
CUST00895,71,59.24,4218.13,Female,Month-to-month,Mailed check,No,No
CUST00896,22,115.62,2586.51,Male,Month-to-month,Mailed check,No,Yes
CUST00897,46,33.31,1558.35,Female,Month-to-month,Credit card,No,No
CUST00898,45,30.21,1364.14,Male,Month-to-month,Bank transfer,Fiber optic,No
CUST00899,11,85.87,912.6,Female,Month-to-month,Credit card,DSL,Yes
CUST00900,12,114.28,1367.22,Male,Month-to-month,Bank transfer,No,Yes
CUST00901,61,100.89,6160.38,Female,Two year,Mailed check,No,No
CUST00902,59,27.64,1667.16,Female,Month-to-month,Mailed check,DSL,No
CUST00903,42,47.94,2011.61,Female,Month-to-month,Mailed check,DSL,No
CUST00904,67,113.03,7612.78,Male,One year,Electronic check,DSL,No
CUST00905,4,45.31,198.67,Male,Month-to-month,Electronic check,DSL,Yes
CUST00906,36,98.12,3496.02,Male,One year,Electronic check,DSL,No
CUST00907,71,102.51,7327.71,Male,One year,Credit card,DSL,No
CUST00908,30,69.55,2089.22,Female,Month-to-month,Mailed check,Fiber optic,No
CUST00909,8,58.63,458.23,Female,Month-to-month,Mailed check,DSL,Yes
CUST00910,50,65.01,3266.41,Male,Month-to-month,Credit card,DSL,No
CUST00911,28,42.7,1156.49,Male,Month-to-month,Electronic check,Fiber optic,No
CUST00912,39,108.94,4262.31,Male,Month-to-month,Credit card,DSL,Yes
CUST00913,40,65.06,2602.22,Female,Month-to-month,Electronic check,No,No
CUST00914,10,108.25,1073.17,Male,Month-to-month,Mailed check,No,Yes
CUST00915,22,30.57,717.84,Male,Month-to-month,Bank transfer,DSL,No
CUST00916,0,118.83,2.25,Female,One year,Electronic check,Fiber optic,Yes
CUST00917,45,64.33,2866.76,Female,Month-to-month,Mailed check,No,No
CUST00918,20,24.78,491.5,Male,Month-to-month,Mailed check,Fiber optic,No
CUST00919,35,23.8,874.94,Female,Month-to-month,Bank transfer,No,No
CUST00920,53,94.62,4982.47,Male,Two year,Mailed check,DSL,No
CUST00921,56,85.9,4781.8,Female,Month-to-month,Mailed check,Fiber optic,Yes
CUST00922,0,100.21,0.0,Male,Two year,Electronic check,Fiber optic,Yes
CUST00923,62,30.54,1844.9,Male,Month-to-month,Electronic check,Fiber optic,No
CUST00924,53,23.56,1281.62,Male,One year,Bank transfer,No,No
CUST00925,54,70.86,3849.65,Male,Month-to-month,Bank transfer,No,No
CUST00926,39,58.76,2277.14,Female,Month-to-month,Mailed check,No,No
CUST00927,14,66.19,946.49,Female,Month-to-month,Electronic check,DSL,No
CUST00928,20,119.16,2372.72,Female,Month-to-month,Bank transfer,No,Yes
CUST00929,46,117.07,5430.51,Female,Month-to-month,Bank transfer,DSL,Yes
CUST00930,52,114.23,5986.67,Male,Month-to-month,Credit card,Fiber optic,Yes
CUST00931,8,98.38,776.32,Male,One year,Bank transfer,Fiber optic,Yes
CUST00932,51,55.48,2864.9,Female,Two year,Mailed check,DSL,No
CUST00933,56,61.21,3455.07,Female,Month-to-month,Electronic check,No,No
CUST00934,25,74.96,1855.0,Female,Month-to-month,Bank transfer,DSL,No
CUST00935,40,103.05,4095.2,Female,Month-to-month,Credit card,Fiber optic,Yes
CUST00936,34,26.87,909.4,Female,One year,Electronic check,Fiber optic,No
CUST00937,62,62.43,3898.79,Male,Month-to-month,Bank transfer,DSL,No
CUST00938,24,28.26,724.26,Male,Two year,Credit card,No,No
CUST00939,37,71.47,2670.75,Male,Month-to-month,Bank transfer,No,No
CUST00940,1,109.89,145.41,Female,Month-to-month,Electronic check,DSL,Yes
CUST00941,6,98.25,599.81,Female,One year,Electronic check,DSL,Yes
CUST00942,33,42.78,1445.28,Female,One year,Electronic check,No,No
CUST00943,16,117.6,1910.04,Female,Month-to-month,Mailed check,Fiber optic,Yes
CUST00944,42,86.74,3630.78,Male,Month-to-month,Bank transfer,DSL,Yes
CUST00945,58,21.04,1225.52,Male,Two year,Mailed check,No,No
CUST00946,50,45.54,2307.48,Female,Month-to-month,Electronic check,No,No
CUST00947,53,46.07,2396.32,Male,Two year,Credit card,Fiber optic,No
CUST00948,23,26.93,650.2,Male,Month-to-month,Bank transfer,Fiber optic,No
CUST00949,24,115.98,2751.31,Female,One year,Mailed check,Fiber optic,No
CUST00950,70,67.83,4749.57,Female,One year,Bank transfer,Fiber optic,No
CUST00951,51,109.58,5619.41,Female,Month-to-month,Credit card,Fiber optic,Yes
CUST00952,69,52.22,3578.56,Female,Two year,Mailed check,DSL,No
CUST00953,32,32.52,1015.22,Female,Month-to-month,Electronic check,No,No
CUST00954,48,67.43,3226.92,Female,Month-to-month,Mailed check,DSL,No
CUST00955,28,31.4,918.66,Male,Month-to-month,Bank transfer,DSL,No
CUST00956,62,68.6,4203.24,Male,Month-to-month,Bank transfer,DSL,No
CUST00957,21,112.03,2392.77,Female,One year,Bank transfer,DSL,No
CUST00958,25,72.08,1767.38,Male,Month-to-month,Bank transfer,DSL,No
CUST00959,27,81.65,2253.56,Female,Month-to-month,Electronic check,Fiber optic,Yes
CUST00960,48,35.66,1757.16,Female,Month-to-month,Mailed check,Fiber optic,No
CUST00961,70,24.37,1705.37,Female,Month-to-month,Electronic check,No,No
CUST00962,48,31.08,1493.11,Female,Month-to-month,Electronic check,DSL,No
CUST00963,19,79.85,1515.3,Male,One year,Electronic check,No,No
CUST00964,62,29.5,1842.54,Female,Two year,Bank transfer,Fiber optic,No
CUST00965,60,57.6,3415.07,Male,One year,Bank transfer,Fiber optic,No
CUST00966,48,75.01,3553.74,Female,Month-to-month,Bank transfer,Fiber optic,No
CUST00967,70,58.87,4076.67,Female,Month-to-month,Mailed check,DSL,No
CUST00968,0,36.37,0.0,Female,Month-to-month,Credit card,DSL,Yes
CUST00969,12,47.38,546.11,Male,Month-to-month,Bank transfer,Fiber optic,No
CUST00970,50,112.83,5653.7,Female,Month-to-month,Mailed check,No,Yes
CUST00971,55,87.6,4867.24,Female,Month-to-month,Bank transfer,No,Yes
CUST00972,61,69.6,4234.23,Female,Month-to-month,Bank transfer,Fiber optic,No
CUST00973,31,21.27,666.75,Male,Two year,Electronic check,No,No
CUST00974,29,119.24,3449.52,Male,Month-to-month,Electronic check,Fiber optic,Yes
CUST00975,28,87.15,2474.93,Male,Month-to-month,Electronic check,No,Yes
CUST00976,48,51.69,2521.34,Female,Month-to-month,Mailed check,Fiber optic,No
CUST00977,44,107.93,4786.66,Male,Month-to-month,Credit card,No,Yes
CUST00978,29,45.84,1376.8,Female,Two year,Credit card,DSL,No
CUST00979,15,74.4,1068.75,Male,Month-to-month,Mailed check,Fiber optic,No
CUST00980,39,83.61,3294.77,Male,Month-to-month,Bank transfer,Fiber optic,Yes
CUST00981,18,42.11,783.16,Female,Month-to-month,Mailed check,No,No
CUST00982,17,117.84,1976.15,Male,Month-to-month,Bank transfer,Fiber optic,Yes
CUST00983,0,94.82,45.63,Female,Month-to-month,Mailed check,Fiber optic,Yes
CUST00984,46,75.78,3450.7,Female,One year,Mailed check,Fiber optic,No
CUST00985,65,38.06,2491.85,Male,One year,Mailed check,DSL,No
CUST00986,37,25.39,911.92,Female,One year,Credit card,DSL,No
CUST00987,50,52.01,2593.64,Female,Month-to-month,Electronic check,No,No
CUST00988,62,95.32,5931.76,Male,One year,Mailed check,DSL,No
CUST00989,3,46.93,147.12,Male,Month-to-month,Credit card,No,Yes
CUST00990,0,73.96,0.0,Female,Month-to-month,Electronic check,DSL,Yes
CUST00991,7,92.79,632.16,Male,One year,Electronic check,No,Yes
CUST00992,28,30.79,896.09,Female,Month-to-month,Mailed check,DSL,No
CUST00993,54,88.53,4745.0,Female,Month-to-month,Bank transfer,DSL,Yes
CUST00994,2,29.19,51.39,Male,One year,Bank transfer,No,Yes
CUST00995,31,116.51,3652.19,Male,Month-to-month,Bank transfer,Fiber optic,Yes
CUST00996,9,68.84,654.14,Male,Month-to-month,Mailed check,Fiber optic,Yes
CUST00997,33,35.07,1147.4,Male,Month-to-month,Bank transfer,DSL,No
CUST00998,54,54.24,2955.27,Female,Two year,Credit card,No,No
CUST00999,31,61.34,1933.86,Female,Two year,Credit card,Fiber optic,No
CUST01000,49,95.82,4734.07,Male,Two year,Credit card,No,No
